path,label,class_name
data/MSD-US/test/stain/Sta_0347.jpg,2,stain
data/MSD-US/test/scratch/Scr_0055.jpg,1,scratch
data/MSD-US/test/oil/Oil_0286.jpg,0,oil
data/MSD-US/test/scratch/Scr_0301.jpg,1,scratch
data/MSD-US/test/oil/Oil_0375.jpg,0,oil
data/MSD-US/test/stain/Sta_0355.jpg,2,stain
data/MSD-US/test/scratch/Scr_0318.jpg,1,scratch
data/MSD-US/test/oil/Oil_0400.jpg,0,oil
data/MSD-US/test/stain/Sta_0352.jpg,2,stain
data/MSD-US/test/oil/Oil_0272.jpg,0,oil
data/MSD-US/test/stain/Sta_0222.jpg,2,stain
data/MSD-US/test/scratch/Scr_0150.jpg,1,scratch
data/MSD-US/test/scratch/Scr_0056.jpg,1,scratch
data/MSD-US/test/scratch/Scr_0174.jpg,1,scratch
data/MSD-US/test/scratch/Scr_0233.jpg,1,scratch
data/MSD-US/test/scratch/Scr_0047.jpg,1,scratch
data/MSD-US/test/scratch/Scr_0021.jpg,1,scratch
data/MSD-US/test/oil/Oil_0350.jpg,0,oil
data/MSD-US/test/oil/Oil_0218.jpg,0,oil
data/MSD-US/test/stain/Sta_0134.jpg,2,stain
data/MSD-US/test/stain/Sta_0153.jpg,2,stain
data/MSD-US/test/oil/Oil_0129.jpg,0,oil
data/MSD-US/test/oil/Oil_0097.jpg,0,oil
data/MSD-US/test/stain/Sta_0252.jpg,2,stain
data/MSD-US/test/stain/Sta_0066.jpg,2,stain
data/MSD-US/test/stain/Sta_0192.jpg,2,stain
data/MSD-US/test/scratch/Scr_0121.jpg,1,scratch
data/MSD-US/test/scratch/Scr_0314.jpg,1,scratch
data/MSD-US/test/stain/Sta_0271.jpg,2,stain
data/MSD-US/test/stain/Sta_0383.jpg,2,stain
data/MSD-US/test/stain/Sta_0114.jpg,2,stain
data/MSD-US/test/oil/Oil_0233.jpg,0,oil
data/MSD-US/test/oil/Oil_0248.jpg,0,oil
data/MSD-US/test/oil/Oil_0077.jpg,0,oil
data/MSD-US/test/oil/Oil_0335.jpg,0,oil
data/MSD-US/test/oil/Oil_0009.jpg,0,oil
data/MSD-US/test/scratch/Scr_0247.jpg,1,scratch
data/MSD-US/test/oil/Oil_0112.jpg,0,oil
data/MSD-US/test/stain/Sta_0189.jpg,2,stain
data/MSD-US/test/scratch/Scr_0298.jpg,1,scratch
data/MSD-US/test/oil/Oil_0384.jpg,0,oil
data/MSD-US/test/scratch/Scr_0092.jpg,1,scratch
data/MSD-US/test/stain/Sta_0309.jpg,2,stain
data/MSD-US/test/scratch/Scr_0225.jpg,1,scratch
data/MSD-US/test/scratch/Scr_0391.jpg,1,scratch
data/MSD-US/test/scratch/Scr_0271.jpg,1,scratch
data/MSD-US/test/scratch/Scr_0297.jpg,1,scratch
data/MSD-US/test/stain/Sta_0158.jpg,2,stain
data/MSD-US/test/oil/Oil_0054.jpg,0,oil
data/MSD-US/test/oil/Oil_0024.jpg,0,oil
data/MSD-US/test/oil/Oil_0269.jpg,0,oil
data/MSD-US/test/stain/Sta_0105.jpg,2,stain
data/MSD-US/test/oil/Oil_0226.jpg,0,oil
data/MSD-US/test/oil/Oil_0107.jpg,0,oil
data/MSD-US/test/oil/Oil_0105.jpg,0,oil
data/MSD-US/test/scratch/Scr_0049.jpg,1,scratch
data/MSD-US/test/stain/Sta_0156.jpg,2,stain
data/MSD-US/test/stain/Sta_0230.jpg,2,stain
data/MSD-US/test/scratch/Scr_0249.jpg,1,scratch
data/MSD-US/test/scratch/Scr_0399.jpg,1,scratch
data/MSD-US/test/stain/Sta_0277.jpg,2,stain
data/MSD-US/test/oil/Oil_0179.jpg,0,oil
data/MSD-US/test/oil/Oil_0244.jpg,0,oil
data/MSD-US/test/scratch/Scr_0067.jpg,1,scratch
data/MSD-US/test/scratch/Scr_0072.jpg,1,scratch
data/MSD-US/test/stain/Sta_0071.jpg,2,stain
data/MSD-US/test/scratch/Scr_0082.jpg,1,scratch
data/MSD-US/test/scratch/Scr_0390.jpg,1,scratch
data/MSD-US/test/stain/Sta_0050.jpg,2,stain
data/MSD-US/test/scratch/Scr_0028.jpg,1,scratch
data/MSD-US/test/oil/Oil_0304.jpg,0,oil
data/MSD-US/test/stain/Sta_0223.jpg,2,stain
data/MSD-US/test/stain/Sta_0048.jpg,2,stain
data/MSD-US/test/scratch/Scr_0005.jpg,1,scratch
data/MSD-US/test/oil/Oil_0288.jpg,0,oil
data/MSD-US/test/scratch/Scr_0093.jpg,1,scratch
data/MSD-US/test/stain/Sta_0203.jpg,2,stain
data/MSD-US/test/oil/Oil_0171.jpg,0,oil
data/MSD-US/test/stain/Sta_0062.jpg,2,stain
data/MSD-US/test/scratch/Scr_0292.jpg,1,scratch
data/MSD-US/test/stain/Sta_0387.jpg,2,stain
data/MSD-US/test/oil/Oil_0298.jpg,0,oil
data/MSD-US/test/stain/Sta_0129.jpg,2,stain
data/MSD-US/test/scratch/Scr_0238.jpg,1,scratch
data/MSD-US/test/scratch/Scr_0016.jpg,1,scratch
data/MSD-US/test/oil/Oil_0032.jpg,0,oil
data/MSD-US/test/scratch/Scr_0232.jpg,1,scratch
data/MSD-US/test/stain/Sta_0214.jpg,2,stain
data/MSD-US/test/oil/Oil_0142.jpg,0,oil
data/MSD-US/test/oil/Oil_0196.jpg,0,oil
data/MSD-US/test/oil/Oil_0084.jpg,0,oil
data/MSD-US/test/scratch/Scr_0101.jpg,1,scratch
data/MSD-US/test/oil/Oil_0045.jpg,0,oil
data/MSD-US/test/stain/Sta_0292.jpg,2,stain
data/MSD-US/test/stain/Sta_0199.jpg,2,stain
data/MSD-US/test/oil/Oil_0360.jpg,0,oil
data/MSD-US/test/scratch/Scr_0330.jpg,1,scratch
data/MSD-US/test/stain/Sta_0084.jpg,2,stain
data/MSD-US/test/scratch/Scr_0267.jpg,1,scratch
data/MSD-US/test/scratch/Scr_0389.jpg,1,scratch
data/MSD-US/test/oil/Oil_0388.jpg,0,oil
data/MSD-US/test/oil/Oil_0333.jpg,0,oil
data/MSD-US/test/stain/Sta_0028.jpg,2,stain
data/MSD-US/test/stain/Sta_0278.jpg,2,stain
data/MSD-US/test/scratch/Scr_0295.jpg,1,scratch
data/MSD-US/test/scratch/Scr_0307.jpg,1,scratch
data/MSD-US/test/stain/Sta_0100.jpg,2,stain
data/MSD-US/test/scratch/Scr_0226.jpg,1,scratch
data/MSD-US/test/oil/Oil_0203.jpg,0,oil
data/MSD-US/test/stain/Sta_0039.jpg,2,stain
data/MSD-US/test/oil/Oil_0392.jpg,0,oil
data/MSD-US/test/stain/Sta_0188.jpg,2,stain
data/MSD-US/test/stain/Sta_0023.jpg,2,stain
data/MSD-US/test/scratch/Scr_0270.jpg,1,scratch
data/MSD-US/test/scratch/Scr_0180.jpg,1,scratch
data/MSD-US/test/oil/Oil_0080.jpg,0,oil
data/MSD-US/test/scratch/Scr_0075.jpg,1,scratch
data/MSD-US/test/oil/Oil_0397.jpg,0,oil
data/MSD-US/test/stain/Sta_0170.jpg,2,stain
data/MSD-US/test/scratch/Scr_0361.jpg,1,scratch
data/MSD-US/test/oil/Oil_0224.jpg,0,oil
data/MSD-US/test/stain/Sta_0025.jpg,2,stain
data/MSD-US/test/scratch/Scr_0398.jpg,1,scratch
data/MSD-US/test/scratch/Scr_0147.jpg,1,scratch
data/MSD-US/test/scratch/Scr_0156.jpg,1,scratch
data/MSD-US/test/oil/Oil_0127.jpg,0,oil
data/MSD-US/test/oil/Oil_0190.jpg,0,oil
data/MSD-US/test/scratch/Scr_0171.jpg,1,scratch
data/MSD-US/test/oil/Oil_0289.jpg,0,oil
data/MSD-US/test/stain/Sta_0075.jpg,2,stain
data/MSD-US/test/scratch/Scr_0332.jpg,1,scratch
data/MSD-US/test/oil/Oil_0172.jpg,0,oil
data/MSD-US/test/stain/Sta_0218.jpg,2,stain
data/MSD-US/test/stain/Sta_0072.jpg,2,stain
data/MSD-US/test/oil/Oil_0207.jpg,0,oil
data/MSD-US/test/stain/Sta_0080.jpg,2,stain
data/MSD-US/test/stain/Sta_0162.jpg,2,stain
data/MSD-US/test/scratch/Scr_0138.jpg,1,scratch
data/MSD-US/test/stain/Sta_0106.jpg,2,stain
data/MSD-US/test/scratch/Scr_0339.jpg,1,scratch
data/MSD-US/test/oil/Oil_0283.jpg,0,oil
data/MSD-US/test/oil/Oil_0318.jpg,0,oil
data/MSD-US/test/stain/Sta_0348.jpg,2,stain
data/MSD-US/test/scratch/Scr_0345.jpg,1,scratch
data/MSD-US/test/stain/Sta_0056.jpg,2,stain
data/MSD-US/test/oil/Oil_0028.jpg,0,oil
data/MSD-US/test/scratch/Scr_0053.jpg,1,scratch
data/MSD-US/test/scratch/Scr_0086.jpg,1,scratch
data/MSD-US/test/stain/Sta_0068.jpg,2,stain
data/MSD-US/test/stain/Sta_0315.jpg,2,stain
data/MSD-US/test/stain/Sta_0234.jpg,2,stain
data/MSD-US/test/stain/Sta_0399.jpg,2,stain
data/MSD-US/test/stain/Sta_0224.jpg,2,stain
data/MSD-US/test/stain/Sta_0337.jpg,2,stain
data/MSD-US/test/scratch/Scr_0189.jpg,1,scratch
data/MSD-US/test/stain/Sta_0209.jpg,2,stain
data/MSD-US/test/oil/Oil_0341.jpg,0,oil
data/MSD-US/test/scratch/Scr_0078.jpg,1,scratch
data/MSD-US/test/oil/Oil_0002.jpg,0,oil
data/MSD-US/test/oil/Oil_0147.jpg,0,oil
data/MSD-US/test/scratch/Scr_0346.jpg,1,scratch
data/MSD-US/test/oil/Oil_0173.jpg,0,oil
data/MSD-US/test/oil/Oil_0057.jpg,0,oil
data/MSD-US/test/stain/Sta_0380.jpg,2,stain
data/MSD-US/test/oil/Oil_0291.jpg,0,oil
data/MSD-US/test/stain/Sta_0176.jpg,2,stain
data/MSD-US/test/scratch/Scr_0043.jpg,1,scratch
data/MSD-US/test/oil/Oil_0342.jpg,0,oil
data/MSD-US/test/scratch/Scr_0128.jpg,1,scratch
data/MSD-US/test/stain/Sta_0160.jpg,2,stain
data/MSD-US/test/scratch/Scr_0035.jpg,1,scratch
data/MSD-US/test/scratch/Scr_0137.jpg,1,scratch
data/MSD-US/test/stain/Sta_0067.jpg,2,stain
data/MSD-US/test/oil/Oil_0320.jpg,0,oil
data/MSD-US/test/scratch/Scr_0367.jpg,1,scratch
data/MSD-US/test/oil/Oil_0035.jpg,0,oil
data/MSD-US/test/scratch/Scr_0041.jpg,1,scratch
data/MSD-US/test/oil/Oil_0020.jpg,0,oil
data/MSD-US/test/scratch/Scr_0103.jpg,1,scratch
data/MSD-US/test/oil/Oil_0012.jpg,0,oil
data/MSD-US/test/stain/Sta_0109.jpg,2,stain
data/MSD-US/test/oil/Oil_0040.jpg,0,oil
data/MSD-US/test/scratch/Scr_0241.jpg,1,scratch
data/MSD-US/test/scratch/Scr_0033.jpg,1,scratch
data/MSD-US/test/oil/Oil_0345.jpg,0,oil
data/MSD-US/test/stain/Sta_0296.jpg,2,stain
data/MSD-US/test/scratch/Scr_0037.jpg,1,scratch
data/MSD-US/test/scratch/Scr_0070.jpg,1,scratch
data/MSD-US/test/stain/Sta_0219.jpg,2,stain
data/MSD-US/test/scratch/Scr_0118.jpg,1,scratch
data/MSD-US/test/scratch/Scr_0029.jpg,1,scratch
data/MSD-US/test/stain/Sta_0359.jpg,2,stain
data/MSD-US/test/scratch/Scr_0287.jpg,1,scratch
data/MSD-US/test/oil/Oil_0296.jpg,0,oil
data/MSD-US/test/oil/Oil_0340.jpg,0,oil
data/MSD-US/test/stain/Sta_0200.jpg,2,stain
data/MSD-US/test/stain/Sta_0321.jpg,2,stain
data/MSD-US/test/stain/Sta_0041.jpg,2,stain
data/MSD-US/test/scratch/Scr_0396.jpg,1,scratch
data/MSD-US/test/oil/Oil_0183.jpg,0,oil
data/MSD-US/test/scratch/Scr_0334.jpg,1,scratch
data/MSD-US/test/stain/Sta_0272.jpg,2,stain
data/MSD-US/test/stain/Sta_0229.jpg,2,stain
data/MSD-US/test/stain/Sta_0082.jpg,2,stain
data/MSD-US/test/stain/Sta_0322.jpg,2,stain
data/MSD-US/test/scratch/Scr_0148.jpg,1,scratch
data/MSD-US/test/oil/Oil_0047.jpg,0,oil
data/MSD-US/test/oil/Oil_0285.jpg,0,oil
data/MSD-US/test/stain/Sta_0063.jpg,2,stain
data/MSD-US/test/oil/Oil_0030.jpg,0,oil
data/MSD-US/test/oil/Oil_0200.jpg,0,oil
data/MSD-US/test/stain/Sta_0251.jpg,2,stain
data/MSD-US/test/scratch/Scr_0276.jpg,1,scratch
data/MSD-US/test/stain/Sta_0117.jpg,2,stain
data/MSD-US/test/oil/Oil_0059.jpg,0,oil
data/MSD-US/test/stain/Sta_0064.jpg,2,stain
data/MSD-US/test/stain/Sta_0366.jpg,2,stain
data/MSD-US/test/scratch/Scr_0186.jpg,1,scratch
data/MSD-US/test/oil/Oil_0154.jpg,0,oil
data/MSD-US/test/stain/Sta_0283.jpg,2,stain
data/MSD-US/test/scratch/Scr_0352.jpg,1,scratch
data/MSD-US/test/oil/Oil_0208.jpg,0,oil
data/MSD-US/test/scratch/Scr_0371.jpg,1,scratch
data/MSD-US/test/scratch/Scr_0206.jpg,1,scratch
data/MSD-US/test/stain/Sta_0185.jpg,2,stain
data/MSD-US/test/scratch/Scr_0143.jpg,1,scratch
data/MSD-US/test/scratch/Scr_0125.jpg,1,scratch
data/MSD-US/test/oil/Oil_0014.jpg,0,oil
data/MSD-US/test/stain/Sta_0232.jpg,2,stain
data/MSD-US/test/oil/Oil_0198.jpg,0,oil
data/MSD-US/test/scratch/Scr_0071.jpg,1,scratch
data/MSD-US/test/scratch/Scr_0002.jpg,1,scratch
data/MSD-US/test/scratch/Scr_0348.jpg,1,scratch
data/MSD-US/test/oil/Oil_0314.jpg,0,oil
data/MSD-US/test/stain/Sta_0298.jpg,2,stain
data/MSD-US/test/scratch/Scr_0224.jpg,1,scratch
data/MSD-US/test/scratch/Scr_0331.jpg,1,scratch
data/MSD-US/test/stain/Sta_0145.jpg,2,stain
data/MSD-US/test/oil/Oil_0188.jpg,0,oil
data/MSD-US/test/stain/Sta_0263.jpg,2,stain
data/MSD-US/test/stain/Sta_0285.jpg,2,stain
data/MSD-US/test/scratch/Scr_0235.jpg,1,scratch
data/MSD-US/test/oil/Oil_0382.jpg,0,oil
data/MSD-US/test/stain/Sta_0273.jpg,2,stain
data/MSD-US/test/stain/Sta_0269.jpg,2,stain
data/MSD-US/test/oil/Oil_0262.jpg,0,oil
data/MSD-US/test/scratch/Scr_0312.jpg,1,scratch
data/MSD-US/test/stain/Sta_0329.jpg,2,stain
data/MSD-US/test/stain/Sta_0210.jpg,2,stain
data/MSD-US/test/scratch/Scr_0191.jpg,1,scratch
data/MSD-US/test/scratch/Scr_0251.jpg,1,scratch
data/MSD-US/test/stain/Sta_0165.jpg,2,stain
data/MSD-US/test/stain/Sta_0305.jpg,2,stain
data/MSD-US/test/stain/Sta_0032.jpg,2,stain
data/MSD-US/test/stain/Sta_0239.jpg,2,stain
data/MSD-US/test/scratch/Scr_0387.jpg,1,scratch
data/MSD-US/test/scratch/Scr_0115.jpg,1,scratch
data/MSD-US/test/stain/Sta_0191.jpg,2,stain
data/MSD-US/test/stain/Sta_0279.jpg,2,stain
data/MSD-US/test/oil/Oil_0140.jpg,0,oil
data/MSD-US/test/oil/Oil_0063.jpg,0,oil
data/MSD-US/test/scratch/Scr_0278.jpg,1,scratch
data/MSD-US/test/stain/Sta_0257.jpg,2,stain
data/MSD-US/test/stain/Sta_0346.jpg,2,stain
data/MSD-US/test/scratch/Scr_0199.jpg,1,scratch
data/MSD-US/test/stain/Sta_0265.jpg,2,stain
data/MSD-US/test/oil/Oil_0001.jpg,0,oil
data/MSD-US/test/oil/Oil_0319.jpg,0,oil
data/MSD-US/test/stain/Sta_0231.jpg,2,stain
data/MSD-US/test/scratch/Scr_0087.jpg,1,scratch
data/MSD-US/test/oil/Oil_0356.jpg,0,oil
data/MSD-US/test/scratch/Scr_0157.jpg,1,scratch
data/MSD-US/test/scratch/Scr_0017.jpg,1,scratch
data/MSD-US/test/stain/Sta_0110.jpg,2,stain
data/MSD-US/test/oil/Oil_0008.jpg,0,oil
data/MSD-US/test/oil/Oil_0353.jpg,0,oil
data/MSD-US/test/oil/Oil_0062.jpg,0,oil
data/MSD-US/test/scratch/Scr_0142.jpg,1,scratch
data/MSD-US/test/stain/Sta_0304.jpg,2,stain
data/MSD-US/test/stain/Sta_0098.jpg,2,stain
data/MSD-US/test/oil/Oil_0102.jpg,0,oil
data/MSD-US/test/oil/Oil_0093.jpg,0,oil
data/MSD-US/test/oil/Oil_0148.jpg,0,oil
data/MSD-US/test/oil/Oil_0072.jpg,0,oil
data/MSD-US/test/stain/Sta_0169.jpg,2,stain
data/MSD-US/test/stain/Sta_0360.jpg,2,stain
data/MSD-US/test/stain/Sta_0007.jpg,2,stain
data/MSD-US/test/stain/Sta_0213.jpg,2,stain
data/MSD-US/test/scratch/Scr_0106.jpg,1,scratch
data/MSD-US/test/stain/Sta_0397.jpg,2,stain
data/MSD-US/test/scratch/Scr_0315.jpg,1,scratch
data/MSD-US/test/scratch/Scr_0229.jpg,1,scratch
data/MSD-US/test/scratch/Scr_0259.jpg,1,scratch
data/MSD-US/test/oil/Oil_0029.jpg,0,oil
data/MSD-US/test/scratch/Scr_0063.jpg,1,scratch
data/MSD-US/test/stain/Sta_0266.jpg,2,stain
data/MSD-US/test/oil/Oil_0237.jpg,0,oil
data/MSD-US/test/oil/Oil_0038.jpg,0,oil
data/MSD-US/test/oil/Oil_0003.jpg,0,oil
data/MSD-US/test/stain/Sta_0163.jpg,2,stain
data/MSD-US/test/oil/Oil_0383.jpg,0,oil
data/MSD-US/test/stain/Sta_0057.jpg,2,stain
data/MSD-US/test/scratch/Scr_0169.jpg,1,scratch
data/MSD-US/test/stain/Sta_0236.jpg,2,stain
data/MSD-US/test/scratch/Scr_0066.jpg,1,scratch
data/MSD-US/test/stain/Sta_0336.jpg,2,stain
data/MSD-US/test/stain/Sta_0354.jpg,2,stain
data/MSD-US/test/scratch/Scr_0007.jpg,1,scratch
data/MSD-US/test/stain/Sta_0166.jpg,2,stain
data/MSD-US/test/stain/Sta_0341.jpg,2,stain
data/MSD-US/test/stain/Sta_0270.jpg,2,stain
data/MSD-US/test/scratch/Scr_0182.jpg,1,scratch
data/MSD-US/test/oil/Oil_0336.jpg,0,oil
data/MSD-US/test/oil/Oil_0364.jpg,0,oil
data/MSD-US/test/oil/Oil_0268.jpg,0,oil
data/MSD-US/test/scratch/Scr_0185.jpg,1,scratch
data/MSD-US/test/stain/Sta_0375.jpg,2,stain
data/MSD-US/test/oil/Oil_0225.jpg,0,oil
data/MSD-US/test/oil/Oil_0141.jpg,0,oil
data/MSD-US/test/stain/Sta_0193.jpg,2,stain
data/MSD-US/test/stain/Sta_0255.jpg,2,stain
data/MSD-US/test/oil/Oil_0044.jpg,0,oil
data/MSD-US/test/scratch/Scr_0036.jpg,1,scratch
data/MSD-US/test/oil/Oil_0344.jpg,0,oil
data/MSD-US/test/stain/Sta_0215.jpg,2,stain
data/MSD-US/test/stain/Sta_0101.jpg,2,stain
data/MSD-US/test/oil/Oil_0158.jpg,0,oil
data/MSD-US/test/stain/Sta_0088.jpg,2,stain
data/MSD-US/test/stain/Sta_0202.jpg,2,stain
data/MSD-US/test/stain/Sta_0171.jpg,2,stain
data/MSD-US/test/stain/Sta_0376.jpg,2,stain
data/MSD-US/test/oil/Oil_0380.jpg,0,oil
data/MSD-US/test/stain/Sta_0299.jpg,2,stain
data/MSD-US/test/oil/Oil_0254.jpg,0,oil
data/MSD-US/test/scratch/Scr_0088.jpg,1,scratch
data/MSD-US/test/oil/Oil_0229.jpg,0,oil
data/MSD-US/test/stain/Sta_0013.jpg,2,stain
data/MSD-US/test/oil/Oil_0216.jpg,0,oil
data/MSD-US/test/scratch/Scr_0344.jpg,1,scratch
data/MSD-US/test/stain/Sta_0276.jpg,2,stain
data/MSD-US/test/stain/Sta_0076.jpg,2,stain
data/MSD-US/test/stain/Sta_0289.jpg,2,stain
data/MSD-US/test/scratch/Scr_0266.jpg,1,scratch
data/MSD-US/test/oil/Oil_0149.jpg,0,oil
data/MSD-US/test/scratch/Scr_0365.jpg,1,scratch
data/MSD-US/test/stain/Sta_0238.jpg,2,stain
data/MSD-US/test/scratch/Scr_0089.jpg,1,scratch
data/MSD-US/test/oil/Oil_0249.jpg,0,oil
data/MSD-US/test/stain/Sta_0294.jpg,2,stain
data/MSD-US/test/stain/Sta_0168.jpg,2,stain
data/MSD-US/test/stain/Sta_0382.jpg,2,stain
data/MSD-US/test/scratch/Scr_0120.jpg,1,scratch
data/MSD-US/test/scratch/Scr_0181.jpg,1,scratch
data/MSD-US/test/stain/Sta_0060.jpg,2,stain
data/MSD-US/test/oil/Oil_0256.jpg,0,oil
data/MSD-US/test/oil/Oil_0228.jpg,0,oil
data/MSD-US/test/scratch/Scr_0112.jpg,1,scratch
data/MSD-US/test/oil/Oil_0058.jpg,0,oil
data/MSD-US/test/stain/Sta_0120.jpg,2,stain
data/MSD-US/test/oil/Oil_0329.jpg,0,oil
data/MSD-US/test/oil/Oil_0074.jpg,0,oil
data/MSD-US/test/stain/Sta_0116.jpg,2,stain
data/MSD-US/test/oil/Oil_0339.jpg,0,oil
data/MSD-US/test/scratch/Scr_0014.jpg,1,scratch
data/MSD-US/test/stain/Sta_0386.jpg,2,stain
data/MSD-US/test/scratch/Scr_0183.jpg,1,scratch
data/MSD-US/test/scratch/Scr_0317.jpg,1,scratch
data/MSD-US/test/scratch/Scr_0073.jpg,1,scratch
data/MSD-US/test/oil/Oil_0302.jpg,0,oil
data/MSD-US/test/stain/Sta_0256.jpg,2,stain
data/MSD-US/test/stain/Sta_0092.jpg,2,stain
data/MSD-US/test/stain/Sta_0225.jpg,2,stain
data/MSD-US/test/scratch/Scr_0379.jpg,1,scratch
data/MSD-US/test/scratch/Scr_0210.jpg,1,scratch
data/MSD-US/test/scratch/Scr_0227.jpg,1,scratch
data/MSD-US/test/stain/Sta_0371.jpg,2,stain
data/MSD-US/test/stain/Sta_0179.jpg,2,stain
data/MSD-US/test/stain/Sta_0142.jpg,2,stain
data/MSD-US/test/stain/Sta_0303.jpg,2,stain
data/MSD-US/test/scratch/Scr_0116.jpg,1,scratch
data/MSD-US/test/oil/Oil_0369.jpg,0,oil
data/MSD-US/test/stain/Sta_0096.jpg,2,stain
data/MSD-US/test/scratch/Scr_0122.jpg,1,scratch
data/MSD-US/test/scratch/Scr_0108.jpg,1,scratch
data/MSD-US/test/oil/Oil_0178.jpg,0,oil
data/MSD-US/test/oil/Oil_0144.jpg,0,oil
data/MSD-US/test/scratch/Scr_0061.jpg,1,scratch
data/MSD-US/test/oil/Oil_0358.jpg,0,oil
data/MSD-US/test/stain/Sta_0077.jpg,2,stain
data/MSD-US/test/oil/Oil_0114.jpg,0,oil
data/MSD-US/test/stain/Sta_0151.jpg,2,stain
data/MSD-US/test/oil/Oil_0337.jpg,0,oil
data/MSD-US/test/oil/Oil_0241.jpg,0,oil
data/MSD-US/test/scratch/Scr_0117.jpg,1,scratch
data/MSD-US/test/scratch/Scr_0258.jpg,1,scratch
data/MSD-US/test/oil/Oil_0165.jpg,0,oil
data/MSD-US/test/oil/Oil_0168.jpg,0,oil
data/MSD-US/test/scratch/Scr_0062.jpg,1,scratch
data/MSD-US/test/scratch/Scr_0131.jpg,1,scratch
data/MSD-US/test/scratch/Scr_0265.jpg,1,scratch
data/MSD-US/test/stain/Sta_0275.jpg,2,stain
data/MSD-US/test/oil/Oil_0355.jpg,0,oil
data/MSD-US/test/stain/Sta_0393.jpg,2,stain
data/MSD-US/test/oil/Oil_0275.jpg,0,oil
data/MSD-US/test/stain/Sta_0115.jpg,2,stain
data/MSD-US/test/scratch/Scr_0196.jpg,1,scratch
data/MSD-US/test/scratch/Scr_0324.jpg,1,scratch
data/MSD-US/test/scratch/Scr_0030.jpg,1,scratch
data/MSD-US/test/oil/Oil_0078.jpg,0,oil
data/MSD-US/test/scratch/Scr_0308.jpg,1,scratch
data/MSD-US/test/scratch/Scr_0134.jpg,1,scratch
data/MSD-US/test/oil/Oil_0389.jpg,0,oil
data/MSD-US/test/scratch/Scr_0141.jpg,1,scratch
data/MSD-US/test/scratch/Scr_0100.jpg,1,scratch
data/MSD-US/test/scratch/Scr_0304.jpg,1,scratch
data/MSD-US/test/scratch/Scr_0341.jpg,1,scratch
data/MSD-US/test/stain/Sta_0152.jpg,2,stain
data/MSD-US/test/stain/Sta_0237.jpg,2,stain
data/MSD-US/test/scratch/Scr_0046.jpg,1,scratch
data/MSD-US/test/scratch/Scr_0019.jpg,1,scratch
data/MSD-US/test/stain/Sta_0085.jpg,2,stain
data/MSD-US/test/scratch/Scr_0222.jpg,1,scratch
data/MSD-US/test/scratch/Scr_0256.jpg,1,scratch
data/MSD-US/test/oil/Oil_0343.jpg,0,oil
data/MSD-US/test/oil/Oil_0236.jpg,0,oil
data/MSD-US/test/scratch/Scr_0291.jpg,1,scratch
data/MSD-US/test/stain/Sta_0033.jpg,2,stain
data/MSD-US/test/oil/Oil_0051.jpg,0,oil
data/MSD-US/test/scratch/Scr_0018.jpg,1,scratch
data/MSD-US/test/stain/Sta_0010.jpg,2,stain
data/MSD-US/test/scratch/Scr_0250.jpg,1,scratch
data/MSD-US/test/oil/Oil_0306.jpg,0,oil
data/MSD-US/test/oil/Oil_0217.jpg,0,oil
data/MSD-US/test/scratch/Scr_0146.jpg,1,scratch
data/MSD-US/test/oil/Oil_0169.jpg,0,oil
data/MSD-US/test/oil/Oil_0328.jpg,0,oil
data/MSD-US/test/oil/Oil_0019.jpg,0,oil
data/MSD-US/test/oil/Oil_0082.jpg,0,oil
data/MSD-US/test/scratch/Scr_0077.jpg,1,scratch
data/MSD-US/test/oil/Oil_0007.jpg,0,oil
data/MSD-US/test/oil/Oil_0191.jpg,0,oil
data/MSD-US/test/stain/Sta_0113.jpg,2,stain
data/MSD-US/test/oil/Oil_0277.jpg,0,oil
data/MSD-US/test/scratch/Scr_0165.jpg,1,scratch
data/MSD-US/test/scratch/Scr_0255.jpg,1,scratch
data/MSD-US/test/stain/Sta_0089.jpg,2,stain
data/MSD-US/test/stain/Sta_0121.jpg,2,stain
data/MSD-US/test/scratch/Scr_0085.jpg,1,scratch
data/MSD-US/test/oil/Oil_0199.jpg,0,oil
data/MSD-US/test/scratch/Scr_0197.jpg,1,scratch
data/MSD-US/test/oil/Oil_0065.jpg,0,oil
data/MSD-US/test/oil/Oil_0276.jpg,0,oil
data/MSD-US/test/oil/Oil_0312.jpg,0,oil
data/MSD-US/test/oil/Oil_0265.jpg,0,oil
data/MSD-US/test/stain/Sta_0074.jpg,2,stain
data/MSD-US/test/scratch/Scr_0020.jpg,1,scratch
data/MSD-US/test/oil/Oil_0134.jpg,0,oil
data/MSD-US/test/scratch/Scr_0173.jpg,1,scratch
data/MSD-US/test/oil/Oil_0120.jpg,0,oil
data/MSD-US/test/scratch/Scr_0113.jpg,1,scratch
data/MSD-US/test/oil/Oil_0017.jpg,0,oil
data/MSD-US/test/oil/Oil_0130.jpg,0,oil
data/MSD-US/test/scratch/Scr_0027.jpg,1,scratch
data/MSD-US/test/stain/Sta_0055.jpg,2,stain
data/MSD-US/test/oil/Oil_0303.jpg,0,oil
data/MSD-US/test/scratch/Scr_0190.jpg,1,scratch
data/MSD-US/test/oil/Oil_0150.jpg,0,oil
data/MSD-US/test/stain/Sta_0330.jpg,2,stain
data/MSD-US/test/stain/Sta_0119.jpg,2,stain
data/MSD-US/test/stain/Sta_0319.jpg,2,stain
data/MSD-US/test/scratch/Scr_0166.jpg,1,scratch
data/MSD-US/test/oil/Oil_0309.jpg,0,oil
data/MSD-US/test/scratch/Scr_0011.jpg,1,scratch
data/MSD-US/test/scratch/Scr_0275.jpg,1,scratch
data/MSD-US/test/stain/Sta_0339.jpg,2,stain
data/MSD-US/test/scratch/Scr_0163.jpg,1,scratch
data/MSD-US/test/oil/Oil_0100.jpg,0,oil
data/MSD-US/test/scratch/Scr_0220.jpg,1,scratch
data/MSD-US/test/oil/Oil_0128.jpg,0,oil
data/MSD-US/test/oil/Oil_0279.jpg,0,oil
data/MSD-US/test/stain/Sta_0161.jpg,2,stain
data/MSD-US/test/oil/Oil_0197.jpg,0,oil
data/MSD-US/test/oil/Oil_0016.jpg,0,oil
data/MSD-US/test/stain/Sta_0343.jpg,2,stain
data/MSD-US/test/scratch/Scr_0395.jpg,1,scratch
data/MSD-US/test/oil/Oil_0258.jpg,0,oil
data/MSD-US/test/stain/Sta_0394.jpg,2,stain
data/MSD-US/test/scratch/Scr_0244.jpg,1,scratch
data/MSD-US/test/stain/Sta_0379.jpg,2,stain
data/MSD-US/test/stain/Sta_0173.jpg,2,stain
data/MSD-US/test/scratch/Scr_0240.jpg,1,scratch
data/MSD-US/test/stain/Sta_0130.jpg,2,stain
data/MSD-US/test/stain/Sta_0260.jpg,2,stain
data/MSD-US/test/stain/Sta_0159.jpg,2,stain
data/MSD-US/test/stain/Sta_0311.jpg,2,stain
data/MSD-US/test/scratch/Scr_0370.jpg,1,scratch
data/MSD-US/test/stain/Sta_0241.jpg,2,stain
data/MSD-US/test/stain/Sta_0174.jpg,2,stain
data/MSD-US/test/stain/Sta_0044.jpg,2,stain
data/MSD-US/test/stain/Sta_0233.jpg,2,stain
data/MSD-US/test/oil/Oil_0378.jpg,0,oil
data/MSD-US/test/scratch/Scr_0068.jpg,1,scratch
data/MSD-US/test/scratch/Scr_0195.jpg,1,scratch
data/MSD-US/test/oil/Oil_0109.jpg,0,oil
data/MSD-US/test/stain/Sta_0364.jpg,2,stain
data/MSD-US/test/oil/Oil_0181.jpg,0,oil
data/MSD-US/test/oil/Oil_0349.jpg,0,oil
data/MSD-US/test/scratch/Scr_0305.jpg,1,scratch
data/MSD-US/test/scratch/Scr_0105.jpg,1,scratch
data/MSD-US/test/oil/Oil_0323.jpg,0,oil
data/MSD-US/test/stain/Sta_0154.jpg,2,stain
data/MSD-US/test/stain/Sta_0016.jpg,2,stain
data/MSD-US/test/stain/Sta_0052.jpg,2,stain
data/MSD-US/test/oil/Oil_0205.jpg,0,oil
data/MSD-US/test/scratch/Scr_0397.jpg,1,scratch
data/MSD-US/test/stain/Sta_0128.jpg,2,stain
data/MSD-US/test/oil/Oil_0243.jpg,0,oil
data/MSD-US/test/scratch/Scr_0319.jpg,1,scratch
data/MSD-US/test/oil/Oil_0242.jpg,0,oil
data/MSD-US/test/oil/Oil_0192.jpg,0,oil
data/MSD-US/test/oil/Oil_0297.jpg,0,oil
data/MSD-US/test/scratch/Scr_0326.jpg,1,scratch
data/MSD-US/test/oil/Oil_0143.jpg,0,oil
data/MSD-US/test/oil/Oil_0155.jpg,0,oil
data/MSD-US/test/oil/Oil_0211.jpg,0,oil
data/MSD-US/test/oil/Oil_0260.jpg,0,oil
data/MSD-US/test/scratch/Scr_0362.jpg,1,scratch
data/MSD-US/test/oil/Oil_0290.jpg,0,oil
data/MSD-US/test/oil/Oil_0271.jpg,0,oil
data/MSD-US/test/scratch/Scr_0383.jpg,1,scratch
data/MSD-US/test/oil/Oil_0220.jpg,0,oil
data/MSD-US/test/oil/Oil_0332.jpg,0,oil
data/MSD-US/test/scratch/Scr_0257.jpg,1,scratch
data/MSD-US/test/scratch/Scr_0045.jpg,1,scratch
data/MSD-US/test/stain/Sta_0111.jpg,2,stain
data/MSD-US/test/stain/Sta_0034.jpg,2,stain
data/MSD-US/test/oil/Oil_0180.jpg,0,oil
data/MSD-US/test/stain/Sta_0367.jpg,2,stain
data/MSD-US/test/scratch/Scr_0377.jpg,1,scratch
data/MSD-US/test/stain/Sta_0081.jpg,2,stain
data/MSD-US/test/scratch/Scr_0320.jpg,1,scratch
data/MSD-US/test/oil/Oil_0052.jpg,0,oil
data/MSD-US/test/scratch/Scr_0205.jpg,1,scratch
data/MSD-US/test/stain/Sta_0079.jpg,2,stain
data/MSD-US/test/stain/Sta_0372.jpg,2,stain
data/MSD-US/test/oil/Oil_0270.jpg,0,oil
data/MSD-US/test/oil/Oil_0255.jpg,0,oil
data/MSD-US/test/scratch/Scr_0359.jpg,1,scratch
data/MSD-US/test/oil/Oil_0022.jpg,0,oil
data/MSD-US/test/stain/Sta_0014.jpg,2,stain
data/MSD-US/test/oil/Oil_0202.jpg,0,oil
data/MSD-US/test/scratch/Scr_0215.jpg,1,scratch
data/MSD-US/test/scratch/Scr_0024.jpg,1,scratch
data/MSD-US/test/oil/Oil_0259.jpg,0,oil
data/MSD-US/test/stain/Sta_0008.jpg,2,stain
data/MSD-US/test/oil/Oil_0300.jpg,0,oil
data/MSD-US/test/scratch/Scr_0044.jpg,1,scratch
data/MSD-US/test/scratch/Scr_0273.jpg,1,scratch
data/MSD-US/test/scratch/Scr_0023.jpg,1,scratch
data/MSD-US/test/stain/Sta_0146.jpg,2,stain
data/MSD-US/test/stain/Sta_0035.jpg,2,stain
data/MSD-US/test/stain/Sta_0102.jpg,2,stain
data/MSD-US/test/oil/Oil_0106.jpg,0,oil
data/MSD-US/test/oil/Oil_0189.jpg,0,oil
data/MSD-US/test/stain/Sta_0061.jpg,2,stain
data/MSD-US/test/oil/Oil_0219.jpg,0,oil
data/MSD-US/test/scratch/Scr_0159.jpg,1,scratch
data/MSD-US/test/scratch/Scr_0284.jpg,1,scratch
data/MSD-US/test/oil/Oil_0327.jpg,0,oil
data/MSD-US/test/stain/Sta_0086.jpg,2,stain
data/MSD-US/test/scratch/Scr_0154.jpg,1,scratch
data/MSD-US/test/stain/Sta_0205.jpg,2,stain
data/MSD-US/test/stain/Sta_0012.jpg,2,stain
data/MSD-US/test/scratch/Scr_0336.jpg,1,scratch
data/MSD-US/test/scratch/Scr_0274.jpg,1,scratch
data/MSD-US/test/stain/Sta_0124.jpg,2,stain
data/MSD-US/test/oil/Oil_0280.jpg,0,oil
data/MSD-US/test/oil/Oil_0263.jpg,0,oil
data/MSD-US/test/oil/Oil_0362.jpg,0,oil
data/MSD-US/test/stain/Sta_0326.jpg,2,stain
data/MSD-US/test/stain/Sta_0022.jpg,2,stain
data/MSD-US/test/scratch/Scr_0264.jpg,1,scratch
data/MSD-US/test/scratch/Scr_0262.jpg,1,scratch
data/MSD-US/test/stain/Sta_0267.jpg,2,stain
data/MSD-US/test/oil/Oil_0266.jpg,0,oil
data/MSD-US/test/stain/Sta_0385.jpg,2,stain
data/MSD-US/test/scratch/Scr_0178.jpg,1,scratch
data/MSD-US/test/stain/Sta_0148.jpg,2,stain
data/MSD-US/test/stain/Sta_0187.jpg,2,stain
data/MSD-US/test/oil/Oil_0053.jpg,0,oil
data/MSD-US/test/stain/Sta_0073.jpg,2,stain
data/MSD-US/test/scratch/Scr_0176.jpg,1,scratch
data/MSD-US/test/oil/Oil_0135.jpg,0,oil
data/MSD-US/test/scratch/Scr_0004.jpg,1,scratch
data/MSD-US/test/scratch/Scr_0119.jpg,1,scratch
data/MSD-US/test/stain/Sta_0132.jpg,2,stain
data/MSD-US/test/oil/Oil_0137.jpg,0,oil
data/MSD-US/test/stain/Sta_0020.jpg,2,stain
data/MSD-US/test/scratch/Scr_0102.jpg,1,scratch
data/MSD-US/test/oil/Oil_0116.jpg,0,oil
data/MSD-US/test/stain/Sta_0301.jpg,2,stain
data/MSD-US/test/scratch/Scr_0393.jpg,1,scratch
data/MSD-US/test/oil/Oil_0206.jpg,0,oil
data/MSD-US/test/oil/Oil_0325.jpg,0,oil
data/MSD-US/test/stain/Sta_0235.jpg,2,stain
data/MSD-US/test/oil/Oil_0174.jpg,0,oil
data/MSD-US/test/scratch/Scr_0221.jpg,1,scratch
data/MSD-US/test/oil/Oil_0096.jpg,0,oil
data/MSD-US/test/scratch/Scr_0158.jpg,1,scratch
data/MSD-US/test/oil/Oil_0395.jpg,0,oil
data/MSD-US/test/stain/Sta_0314.jpg,2,stain
data/MSD-US/test/oil/Oil_0092.jpg,0,oil
data/MSD-US/test/scratch/Scr_0338.jpg,1,scratch
data/MSD-US/test/oil/Oil_0299.jpg,0,oil
data/MSD-US/test/scratch/Scr_0080.jpg,1,scratch
data/MSD-US/test/stain/Sta_0323.jpg,2,stain
data/MSD-US/test/scratch/Scr_0223.jpg,1,scratch
data/MSD-US/test/oil/Oil_0273.jpg,0,oil
data/MSD-US/test/scratch/Scr_0280.jpg,1,scratch
data/MSD-US/test/scratch/Scr_0123.jpg,1,scratch
data/MSD-US/test/oil/Oil_0034.jpg,0,oil
data/MSD-US/test/oil/Oil_0011.jpg,0,oil
data/MSD-US/test/scratch/Scr_0375.jpg,1,scratch
data/MSD-US/test/oil/Oil_0330.jpg,0,oil
data/MSD-US/test/stain/Sta_0368.jpg,2,stain
data/MSD-US/test/scratch/Scr_0288.jpg,1,scratch
data/MSD-US/test/oil/Oil_0151.jpg,0,oil
data/MSD-US/test/oil/Oil_0099.jpg,0,oil
data/MSD-US/test/stain/Sta_0140.jpg,2,stain
data/MSD-US/test/oil/Oil_0101.jpg,0,oil
data/MSD-US/test/stain/Sta_0139.jpg,2,stain
data/MSD-US/test/scratch/Scr_0149.jpg,1,scratch
data/MSD-US/test/stain/Sta_0126.jpg,2,stain
data/MSD-US/test/oil/Oil_0085.jpg,0,oil
data/MSD-US/test/stain/Sta_0107.jpg,2,stain
data/MSD-US/test/scratch/Scr_0155.jpg,1,scratch
data/MSD-US/test/oil/Oil_0334.jpg,0,oil
data/MSD-US/test/scratch/Scr_0366.jpg,1,scratch
data/MSD-US/test/stain/Sta_0344.jpg,2,stain
data/MSD-US/test/oil/Oil_0103.jpg,0,oil
data/MSD-US/test/oil/Oil_0005.jpg,0,oil
data/MSD-US/test/scratch/Scr_0042.jpg,1,scratch
data/MSD-US/test/scratch/Scr_0378.jpg,1,scratch
data/MSD-US/test/stain/Sta_0177.jpg,2,stain
data/MSD-US/test/oil/Oil_0231.jpg,0,oil
data/MSD-US/test/stain/Sta_0127.jpg,2,stain
data/MSD-US/test/scratch/Scr_0302.jpg,1,scratch
data/MSD-US/test/stain/Sta_0327.jpg,2,stain
data/MSD-US/test/stain/Sta_0137.jpg,2,stain
data/MSD-US/test/stain/Sta_0164.jpg,2,stain
data/MSD-US/test/stain/Sta_0325.jpg,2,stain
data/MSD-US/test/stain/Sta_0083.jpg,2,stain
data/MSD-US/test/scratch/Scr_0048.jpg,1,scratch
data/MSD-US/test/stain/Sta_0390.jpg,2,stain
data/MSD-US/test/scratch/Scr_0392.jpg,1,scratch
data/MSD-US/test/oil/Oil_0366.jpg,0,oil
data/MSD-US/test/stain/Sta_0240.jpg,2,stain
data/MSD-US/test/stain/Sta_0138.jpg,2,stain
data/MSD-US/test/stain/Sta_0051.jpg,2,stain
data/MSD-US/test/stain/Sta_0144.jpg,2,stain
data/MSD-US/test/stain/Sta_0195.jpg,2,stain
data/MSD-US/test/scratch/Scr_0151.jpg,1,scratch
data/MSD-US/test/scratch/Scr_0081.jpg,1,scratch
data/MSD-US/test/scratch/Scr_0126.jpg,1,scratch
data/MSD-US/test/scratch/Scr_0309.jpg,1,scratch
data/MSD-US/test/scratch/Scr_0133.jpg,1,scratch
data/MSD-US/test/oil/Oil_0094.jpg,0,oil
data/MSD-US/test/scratch/Scr_0079.jpg,1,scratch
data/MSD-US/test/stain/Sta_0059.jpg,2,stain
data/MSD-US/test/oil/Oil_0023.jpg,0,oil
data/MSD-US/test/stain/Sta_0133.jpg,2,stain
data/MSD-US/test/oil/Oil_0232.jpg,0,oil
data/MSD-US/test/scratch/Scr_0031.jpg,1,scratch
data/MSD-US/test/oil/Oil_0160.jpg,0,oil
data/MSD-US/test/oil/Oil_0201.jpg,0,oil
data/MSD-US/test/stain/Sta_0095.jpg,2,stain
data/MSD-US/test/oil/Oil_0156.jpg,0,oil
data/MSD-US/test/scratch/Scr_0015.jpg,1,scratch
data/MSD-US/test/scratch/Scr_0219.jpg,1,scratch
data/MSD-US/test/scratch/Scr_0136.jpg,1,scratch
data/MSD-US/test/stain/Sta_0143.jpg,2,stain
data/MSD-US/test/scratch/Scr_0303.jpg,1,scratch
data/MSD-US/test/oil/Oil_0176.jpg,0,oil
data/MSD-US/test/scratch/Scr_0242.jpg,1,scratch
data/MSD-US/test/oil/Oil_0278.jpg,0,oil
data/MSD-US/test/scratch/Scr_0064.jpg,1,scratch
data/MSD-US/test/scratch/Scr_0208.jpg,1,scratch
data/MSD-US/test/oil/Oil_0230.jpg,0,oil
data/MSD-US/test/oil/Oil_0240.jpg,0,oil
data/MSD-US/test/scratch/Scr_0394.jpg,1,scratch
data/MSD-US/test/stain/Sta_0310.jpg,2,stain
data/MSD-US/test/oil/Oil_0247.jpg,0,oil
data/MSD-US/test/oil/Oil_0347.jpg,0,oil
data/MSD-US/test/oil/Oil_0104.jpg,0,oil
data/MSD-US/test/oil/Oil_0166.jpg,0,oil
data/MSD-US/test/stain/Sta_0258.jpg,2,stain
data/MSD-US/test/stain/Sta_0087.jpg,2,stain
data/MSD-US/test/oil/Oil_0310.jpg,0,oil
data/MSD-US/test/oil/Oil_0069.jpg,0,oil
data/MSD-US/test/oil/Oil_0346.jpg,0,oil
data/MSD-US/test/scratch/Scr_0382.jpg,1,scratch
data/MSD-US/test/scratch/Scr_0188.jpg,1,scratch
data/MSD-US/test/scratch/Scr_0290.jpg,1,scratch
data/MSD-US/test/scratch/Scr_0209.jpg,1,scratch
data/MSD-US/test/stain/Sta_0398.jpg,2,stain
data/MSD-US/test/oil/Oil_0153.jpg,0,oil
data/MSD-US/test/oil/Oil_0184.jpg,0,oil
data/MSD-US/test/scratch/Scr_0207.jpg,1,scratch
data/MSD-US/test/oil/Oil_0046.jpg,0,oil
data/MSD-US/test/scratch/Scr_0368.jpg,1,scratch
data/MSD-US/test/scratch/Scr_0311.jpg,1,scratch
data/MSD-US/test/oil/Oil_0152.jpg,0,oil
data/MSD-US/test/stain/Sta_0019.jpg,2,stain
data/MSD-US/test/stain/Sta_0054.jpg,2,stain
data/MSD-US/test/stain/Sta_0318.jpg,2,stain
data/MSD-US/test/stain/Sta_0350.jpg,2,stain
data/MSD-US/test/oil/Oil_0311.jpg,0,oil
data/MSD-US/test/scratch/Scr_0124.jpg,1,scratch
data/MSD-US/test/oil/Oil_0367.jpg,0,oil
data/MSD-US/test/stain/Sta_0040.jpg,2,stain
data/MSD-US/test/scratch/Scr_0253.jpg,1,scratch
data/MSD-US/test/scratch/Scr_0203.jpg,1,scratch
data/MSD-US/test/oil/Oil_0083.jpg,0,oil
data/MSD-US/test/scratch/Scr_0194.jpg,1,scratch
data/MSD-US/test/scratch/Scr_0076.jpg,1,scratch
data/MSD-US/test/oil/Oil_0086.jpg,0,oil
data/MSD-US/test/oil/Oil_0018.jpg,0,oil
data/MSD-US/test/oil/Oil_0081.jpg,0,oil
data/MSD-US/test/oil/Oil_0145.jpg,0,oil
data/MSD-US/test/scratch/Scr_0354.jpg,1,scratch
data/MSD-US/test/oil/Oil_0133.jpg,0,oil
data/MSD-US/test/scratch/Scr_0001.jpg,1,scratch
data/MSD-US/test/stain/Sta_0211.jpg,2,stain
data/MSD-US/test/scratch/Scr_0248.jpg,1,scratch
data/MSD-US/test/oil/Oil_0316.jpg,0,oil
data/MSD-US/test/scratch/Scr_0132.jpg,1,scratch
data/MSD-US/test/stain/Sta_0316.jpg,2,stain
data/MSD-US/test/scratch/Scr_0083.jpg,1,scratch
data/MSD-US/test/stain/Sta_0261.jpg,2,stain
data/MSD-US/test/oil/Oil_0381.jpg,0,oil
data/MSD-US/test/stain/Sta_0065.jpg,2,stain
data/MSD-US/test/oil/Oil_0031.jpg,0,oil
data/MSD-US/test/stain/Sta_0342.jpg,2,stain
data/MSD-US/test/oil/Oil_0293.jpg,0,oil
data/MSD-US/test/scratch/Scr_0167.jpg,1,scratch
data/MSD-US/test/stain/Sta_0351.jpg,2,stain
data/MSD-US/test/stain/Sta_0167.jpg,2,stain
data/MSD-US/test/stain/Sta_0194.jpg,2,stain
data/MSD-US/test/oil/Oil_0215.jpg,0,oil
data/MSD-US/test/scratch/Scr_0170.jpg,1,scratch
data/MSD-US/test/stain/Sta_0247.jpg,2,stain
data/MSD-US/test/oil/Oil_0136.jpg,0,oil
data/MSD-US/test/oil/Oil_0066.jpg,0,oil
data/MSD-US/test/oil/Oil_0027.jpg,0,oil
data/MSD-US/test/scratch/Scr_0094.jpg,1,scratch
data/MSD-US/test/stain/Sta_0216.jpg,2,stain
data/MSD-US/test/stain/Sta_0097.jpg,2,stain
data/MSD-US/test/stain/Sta_0017.jpg,2,stain
data/MSD-US/test/stain/Sta_0045.jpg,2,stain
data/MSD-US/test/scratch/Scr_0218.jpg,1,scratch
data/MSD-US/test/scratch/Scr_0069.jpg,1,scratch
data/MSD-US/test/oil/Oil_0091.jpg,0,oil
data/MSD-US/test/scratch/Scr_0384.jpg,1,scratch
data/MSD-US/test/stain/Sta_0362.jpg,2,stain
data/MSD-US/test/oil/Oil_0163.jpg,0,oil
data/MSD-US/test/oil/Oil_0209.jpg,0,oil
data/MSD-US/test/oil/Oil_0049.jpg,0,oil
data/MSD-US/test/stain/Sta_0029.jpg,2,stain
data/MSD-US/test/stain/Sta_0250.jpg,2,stain
data/MSD-US/test/scratch/Scr_0144.jpg,1,scratch
data/MSD-US/test/scratch/Scr_0268.jpg,1,scratch
data/MSD-US/test/oil/Oil_0393.jpg,0,oil
data/MSD-US/test/scratch/Scr_0187.jpg,1,scratch
data/MSD-US/test/scratch/Scr_0051.jpg,1,scratch
data/MSD-US/test/oil/Oil_0110.jpg,0,oil
data/MSD-US/test/stain/Sta_0284.jpg,2,stain
data/MSD-US/test/oil/Oil_0315.jpg,0,oil
data/MSD-US/test/oil/Oil_0210.jpg,0,oil
data/MSD-US/test/oil/Oil_0126.jpg,0,oil
data/MSD-US/test/stain/Sta_0365.jpg,2,stain
data/MSD-US/test/stain/Sta_0046.jpg,2,stain
data/MSD-US/test/stain/Sta_0373.jpg,2,stain
data/MSD-US/test/scratch/Scr_0369.jpg,1,scratch
data/MSD-US/test/scratch/Scr_0261.jpg,1,scratch
data/MSD-US/test/scratch/Scr_0013.jpg,1,scratch
data/MSD-US/test/stain/Sta_0306.jpg,2,stain
data/MSD-US/test/scratch/Scr_0059.jpg,1,scratch
data/MSD-US/test/stain/Sta_0369.jpg,2,stain
data/MSD-US/test/oil/Oil_0317.jpg,0,oil
data/MSD-US/test/scratch/Scr_0111.jpg,1,scratch
data/MSD-US/test/stain/Sta_0212.jpg,2,stain
data/MSD-US/test/stain/Sta_0042.jpg,2,stain
data/MSD-US/test/scratch/Scr_0008.jpg,1,scratch
data/MSD-US/test/scratch/Scr_0228.jpg,1,scratch
data/MSD-US/test/stain/Sta_0291.jpg,2,stain
data/MSD-US/test/stain/Sta_0374.jpg,2,stain
data/MSD-US/test/scratch/Scr_0357.jpg,1,scratch
data/MSD-US/test/scratch/Scr_0140.jpg,1,scratch
data/MSD-US/test/oil/Oil_0187.jpg,0,oil
data/MSD-US/test/scratch/Scr_0246.jpg,1,scratch
data/MSD-US/test/oil/Oil_0121.jpg,0,oil
data/MSD-US/test/scratch/Scr_0340.jpg,1,scratch
data/MSD-US/test/oil/Oil_0118.jpg,0,oil
data/MSD-US/test/oil/Oil_0119.jpg,0,oil
data/MSD-US/test/scratch/Scr_0006.jpg,1,scratch
data/MSD-US/test/stain/Sta_0384.jpg,2,stain
data/MSD-US/test/oil/Oil_0124.jpg,0,oil
data/MSD-US/test/oil/Oil_0111.jpg,0,oil
data/MSD-US/test/scratch/Scr_0364.jpg,1,scratch
data/MSD-US/test/oil/Oil_0131.jpg,0,oil
data/MSD-US/test/oil/Oil_0357.jpg,0,oil
data/MSD-US/test/stain/Sta_0002.jpg,2,stain
data/MSD-US/test/scratch/Scr_0202.jpg,1,scratch
data/MSD-US/test/scratch/Scr_0161.jpg,1,scratch
data/MSD-US/test/scratch/Scr_0162.jpg,1,scratch
data/MSD-US/test/oil/Oil_0234.jpg,0,oil
data/MSD-US/test/stain/Sta_0099.jpg,2,stain
data/MSD-US/test/oil/Oil_0037.jpg,0,oil
data/MSD-US/test/stain/Sta_0184.jpg,2,stain
data/MSD-US/test/oil/Oil_0305.jpg,0,oil
data/MSD-US/test/scratch/Scr_0135.jpg,1,scratch
data/MSD-US/test/stain/Sta_0090.jpg,2,stain
data/MSD-US/test/stain/Sta_0003.jpg,2,stain
data/MSD-US/test/stain/Sta_0324.jpg,2,stain
data/MSD-US/test/stain/Sta_0141.jpg,2,stain
data/MSD-US/test/oil/Oil_0075.jpg,0,oil
data/MSD-US/test/oil/Oil_0301.jpg,0,oil
data/MSD-US/test/oil/Oil_0238.jpg,0,oil
data/MSD-US/test/stain/Sta_0227.jpg,2,stain
data/MSD-US/test/stain/Sta_0333.jpg,2,stain
data/MSD-US/test/scratch/Scr_0252.jpg,1,scratch
data/MSD-US/test/oil/Oil_0371.jpg,0,oil
data/MSD-US/test/stain/Sta_0377.jpg,2,stain
data/MSD-US/test/oil/Oil_0282.jpg,0,oil
data/MSD-US/test/stain/Sta_0378.jpg,2,stain
data/MSD-US/test/scratch/Scr_0376.jpg,1,scratch
data/MSD-US/test/scratch/Scr_0009.jpg,1,scratch
data/MSD-US/test/oil/Oil_0261.jpg,0,oil
data/MSD-US/test/stain/Sta_0026.jpg,2,stain
data/MSD-US/test/stain/Sta_0264.jpg,2,stain
